{
  "ModId": "ff16.gameplay.accessoryoverhaul",
  "ModName": "Accessory Overhaul",
  "ModAuthor": "Raiden",
  "ModVersion": "1.0.0",
  "ModDescription": "Buffs all the game\u0027s accessories to make up for the low amount of slots",
  "ModDll": "",
  "ModIcon": "Screenshot 2025-04-11 03sss3655.png",
  "ModR2RManagedDll32": "",
  "ModR2RManagedDll64": "",
  "ModNativeDll32": "",
  "ModNativeDll64": "",
  "Tags": [],
  "CanUnload": null,
  "HasExports": null,
  "IsLibrary": false,
  "ReleaseMetadataFileName": "ff16.gameplay.accessoryoverhaul.ReleaseMetadata.json",
  "PluginData": {
    "GitHubDependencies": {
      "IdToConfigMap": {
        "ff16.utility.framework": {
          "Config": {
            "UserName": "Nenkai",
            "RepositoryName": "FF16Framework",
            "UseReleaseTag": true,
            "AssetFileName": "Mod.zip"
          },
          "ReleaseMetadataName": "FF16Framework.ReleaseMetadata.json"
        },
        "ff16.utility.modloader": {
          "Config": {
            "UserName": "Nenkai",
            "RepositoryName": "ff16.utility.modloader",
            "UseReleaseTag": true,
            "AssetFileName": "Mod.zip"
          },
          "ReleaseMetadataName": "ff16.utility.modloader.ReleaseMetadata.json"
        },
        "Reloaded.Memory.SigScan.ReloadedII": {
          "Config": {
            "UserName": "Reloaded-Project",
            "RepositoryName": "Reloaded.Memory.SigScan",
            "UseReleaseTag": false,
            "AssetFileName": "Mod.zip"
          },
          "ReleaseMetadataName": "Reloaded.Memory.SigScan.ReloadedII.ReleaseMetadata.json"
        },
        "reloaded.sharedlib.hooks": {
          "Config": {
            "UserName": "Sewer56",
            "RepositoryName": "Reloaded.SharedLib.Hooks.ReloadedII",
            "UseReleaseTag": true,
            "AssetFileName": "reloaded.sharedlib.hooks.zip"
          },
          "ReleaseMetadataName": "Sewer56.Update.ReleaseMetadata.json"
        },
        "SharedScans.Reloaded": {
          "Config": {
            "UserName": "RyoTune",
            "RepositoryName": "SharedScans",
            "UseReleaseTag": false,
            "AssetFileName": "Mod.zip"
          },
          "ReleaseMetadataName": "SharedScans.Reloaded.ReleaseMetadata.json"
        }
      }
    }
  },
  "IsUniversalMod": false,
  "ModDependencies": [
    "ff16.utility.framework",
    "ff16.utility.modloader"
  ],
  "OptionalDependencies": [],
  "SupportedAppId": [
    "ffxvi.exe"
  ],
  "ProjectUrl": ""
}
